Method,MSE,Epochs
OLS,0.11900820521468489,10000
Ridge,0.11902191306019146,10000
