nodes,mse
20,0.030621079025861708
50,0.026197989887518442
100,0.028372196836131933
200,0.02783553514364908
300,0.02661853540443052
