MSE,R2
0.039999631660656565,-0.04165707449626477
