Method,MSE,Epochs
vanilla,0.14726849423512584,10000
momentum,0.12520699651754752,10000
adagrad,0.1657303304655693,470
rmsprop,0.12803746585296397,10000
adam,0.12920976811691925,10000
