Method,MSE,Epochs
vanilla,0.11902191306019146,10000
momentum,0.10058382144964721,10000
adagrad,0.136692596985032,363
rmsprop,0.10345617775503183,10000
adam,0.10440968309915855,10000
