Method,MSE,Epochs
OLS,0.22142759094120437,10000
Ridge,0.22145878380800837,10000
