Method,MSE,Epochs
OLS,0.14725374635745106,10000
Ridge,0.14726849423512584,10000
