Method,MSE,Epochs
vanilla,0.22145878380800837,10000
momentum,0.1847110126856774,10000
adagrad,0.2586974267978758,492
rmsprop,0.1908208700712108,10000
adam,0.1922412298758351,10000
