method,l1,l2,eta,test_mse
Best NN,0.001,1e-05,0.01,0.000469504594115692
Best Ridge,0.0,0.01,,0.0014517231205468932
Best Lasso,0.001,0.0,,0.0010883021888531818
